{
    "loss": 7.254976272583008,
    "accuracy": 0.5686274766921997
}